<annotation>
	<folder>ImageSetMain</folder>
	<filename>image_10.jpg</filename>
	<path>C:\Users\shant\RaspberryPi\ImageSetMain\image_10.jpg</path>
	<source>
		<database>Unknown</database>
	</source>
	<size>
		<width>640</width>
		<height>480</height>
		<depth>3</depth>
	</size>
	<segmented>0</segmented>
	<object>
		<name>block</name>
		<pose>Unspecified</pose>
		<truncated>0</truncated>
		<difficult>0</difficult>
		<bndbox>
			<xmin>270</xmin>
			<ymin>296</ymin>
			<xmax>327</xmax>
			<ymax>389</ymax>
		</bndbox>
	</object>
</annotation>
