<annotation>
	<folder>ImageSetMain</folder>
	<filename>image_8.jpg</filename>
	<path>C:\Users\shant\RaspberryPi\ImageSetMain\image_8.jpg</path>
	<source>
		<database>Unknown</database>
	</source>
	<size>
		<width>640</width>
		<height>480</height>
		<depth>3</depth>
	</size>
	<segmented>0</segmented>
	<object>
		<name>block</name>
		<pose>Unspecified</pose>
		<truncated>0</truncated>
		<difficult>0</difficult>
		<bndbox>
			<xmin>302</xmin>
			<ymin>298</ymin>
			<xmax>365</xmax>
			<ymax>392</ymax>
		</bndbox>
	</object>
</annotation>
